scrambled_letters,answer,frequency
wcohtearv,overwatch,2571
dsaaabilm,islamabad,2240
aatarjk,jakarta,2240
laastekblb,basketball,2240
aomabk,bamako,2240
maalbo,malabo,2240
emngmaa,megaman,2240
gnaakoor,kangaroo,2240
tapwsaph,whatsapp,2240
alar,lara,2240
ebmhrac,chamber,2240
bsaius,bissau,2240
racftnmei,minecraft,2240
aceml,camel,2240
aclok,cloak,2240
iexalserps,aliexpress,2240
ogleila,galileo,2240
rgaivyt,gravity,2240
apollo,apollo,2240
toam,atom,2240
etbubictk,bitbucket,2240
subolucm,columbus,2240
bee,bee,2240
ebgertngu,gutenberg,2240
csrociopme,microscope,2240
cooukc,cuckoo,2240
ckyoeh,hockey,2240
eocmt,comet,2240
ooupcts,octopus,2240
ogdnehry,hydrogen,2240
eupnten,neptune,2240
ohrme,homer,2240
erom,rome,2240
rtiwgh,wright,2240
osiyh,yoshi,2240
khul,hulk,2240
npoort,proton,2240
atroodn,tornado,1930
instedy,density,1930
itnnoo,notion,1930
alazda,lazada,1642
oeemrt,meteor,1370
ioakn,nokia,1197
ineiptnoc,inception,1121
daadaibsba,addisababa,1120
canaad,canada,1120
asatlealesh,tallahassee,1120
kaaarn,ankara,1120
apaman,panama,1120
saana,asana,1120
saana,sanaa,1120
asnata,astana,1120
bdbienkraag,breakingbad,1120
crebitaa,bacteria,1120
ranlecba,barnacle,1120
arrebanc,canberra,1120
arrebanc,carbaner,1120
dhgabad,baghdad,1120
yblnaa,albany,1120
atrab,rabat,1120
racca,accra,1120
ardcahirz,charizard,1120
dsamsauc,damascus,1120
vewacafin,cavewafin,1120
eacasr,caesar,1120
phntacas,snapchat,1120
glaaniledoy,diagonalley,1120
danjamen,ndjamena,1120
adrka,dakar,1120
adrka,kadar,1120
malgnela,magellan,1120
aisafr,safari,1120
autrafum,futurama,1120
mnatraisg,instagram,1120
nugaai,iguana,1120
ugajra,jaguar,1120
lyagxa,galaxy,1120
hnsaiask,kinshasa,1120
hnsaiask,shakinas,1120
laimna,animal,1120
laimna,manila,1120
vaaj,java,1120
lkaao,koala,1120
aanmm,amman,1120
namam,maman,1120
arnibb,airbnb,1120
ujumbarbu,bujumbura,1120
yjumbarbu,jamburuby,1120
booabm,bamboo,1120
okfacbeo,facebook,1120
cboar,cobra,1120
dabhdu,buddha,1120
uebdastp,budapest,1120
idzrlzab,blizzard,1120
eoarobng,gaborone,1120
abuolff,buffalo,1120
unagib,bangui,1120
gibat,gitlab,1120
rbain,brain,1120
hinedca,chained,1120
icahned,echidna,1120
dficfar,cardiff,1120
incdaiv,davinci,1120
tesacemfrih,masterchief,1120
ersfoeacsl,salesforce,1120
ahecwt,wechat,1120
vorcvenau,vancouver,1120
satroesc,socrates,1120
erarct,crater,1120
csearu,saucer,1120
ukaciph,pikachu,1120
tcatnii,titanic,1120
icksa,sakic,1120
olcnvao,volcano,1120
aroc,orca,1120
eddplaoo,deadpool,1120
odrhsaod,doordash,1120
seventstarted,seventstarted,1120
dpeisnamr,spiderman,1120
sdireoat,asteroid,1120
ladez,zelda,1120
eadns,andes,1120
nfnodrago,ganondorf,1120
gelae,eagle,1120
stleilrrtaen,interstellar,1120
yveenar,yerevan,1120
algiers,algiers,1120
reaglt,geralt,1120
aemgnr,german,1120
pgauess,pegasus,1120
hemast,thames,1120
hertna,tehran,1120
tanhes,athens,1120
rikayevkj,reykjavik,1120
anemyi,niamey,1120
triproae,pretoria,1120
sanep,snape,1120
revan,raven,1120
apxe,apex,1120
fgalymiyu,familyguy,1120
asiof,sofia,1120
gsatwohr,warthogs,1120
ilagki,kigali,1120
ialngs,signal,1120
nogal,logan,1120
gasol,lagos,1120
mymagr,grammy,1120
ngorastmr,armstrong,1120
nraog,organ,1120
ihla,hail,1120
isamtuh,humitas,1120
ahs,ash,1120
xomiai,xiaomi,1120
aympoil,olympia,1120
anmims,manism,1120
naroitmu,minotaur,1120
iuamnst,tsunami,1120
oiamr,mario,1120
ktoasr,kratos,1120
snmaol,salmon,1120
ztrmao,mozart,1120
masr,mars,1120
eeuqcb,quebec,1120
drdbemeluo,dumbledore,1120
igbdhnuer,edinburgh,1120
buidnl,dublin,1120
eoubemnlr,melbourne,1120
reenb,berne,1120
eutftlrby,butterfly,1120
byeilrt,liberty,1120
ebtiur,rubite,1120
onebl,nobel,1120
bueouyt,youtube,1120
ihubtg,github,1120
tibisli,tbilisi,1120
sniobl,lisbon,1120
dukcdoukgc,duckduckgo,1120
duqiithcd,quidditch,1120
ulcdo,cloud,1120
pmooudnc,compound,1120
etroceln,electron,1120
elecx,excel,1120
ekogc,gecko,1120
ceomhr,chrome,1120
csgo,csgo,1120
shncit,snitch,1120
sflnieed,seinfeld,1120
erndve,denver,1120
nerfdsi,friends,1120
fuedr,freud,1120
fuedr,fured,1120
ehdli,delhi,1120
dtnoinen,nintendo,1120
edspri,spider,1120
mteodlvor,voldemort,1120
dgrnoo,gordon,1120
ihind,hindi,1120
ilonhdp,dolphin,1120
dwiowsn,windows,1120
mrheoeettmr,thermometer,1120
homireen,hermione,1120
ientesint,intestine,1120
revrse,server,1120
fheufuplff,hufflepuff,1120
firfxoe,firefox,1120
ieftnxl,netflix,1120
tironeft,fortnite,1120
loeggo,google,1120
hmowet,moweth,1120
pijtrue,jupiter,1120
eivsrl,silver,1120
pkel,kelp,1120
omel,lome,1120
oonvel,lenovo,1120
enmx,xmen,1120
onntrte,trenton,1120
nonetw,newton,1120
euortr,router,1120
ogf,fog,1120
ptisfoy,spotify,1120
lytf,lyft,1120
nhiro,rhino,1120
ppohi,hippo,1120
hlmt,html,1120
hstol,sloth,1120
orht,thor,1120
hpp,php,1120
ikttko,tiktok,1120
kloi,kilo,1120
ikns,skin,1120
inulx,linux,1120
olso,oslo,1120
tuplo,pluto,1120
mnoo,moon,1120
mzoo,zoom,1120
onrotot,toronto,1120
yson,sony,1120
